Quantidade de evadidos por curso e forma de evasão entre 2017 e 2019.,,,,,,,,
,,,2017.1,2017.2,2018.1,2018.2,2019.1,2019.2
,"13301100 - ADMINISTRAÇÃO - D 
(Campina Grande)",CANCELADO 3 REPROV MESMA DISCIPLINA,3,1,0,1,4,2
,,CANCELADO NOVO INGRESSO MESMO CURSO,0,0,0,0,0,2
,,CANCELADO NOVO INGRESSO OUTRO CURSO,1,2,0,1,0,4
,,CANCELADO REPROVOU TODAS POR FALTAS,8,7,3,7,2,2
,,CANCELAMENTO DE MATRICULA ,0,0,0,0,1,0
,,CANCELAMENTO P/ MUDANCA CURSO,0,0,1,0,0,1
,,CANCELAMENTO P/ SOLICITACAO ALUNO,2,5,3,3,9,5
,,CANCELAMENTO POR ABANDONO,2,12,8,7,5,5
,,FALECIMENTO,0,0,0,0,0,1
,,GRADUADO,18,16,26,20,23,12
,,Total:,34,43,41,39,44,34
,"13301200 - ADMINISTRAÇÃO - N 
(Campina Grande)",CANCELADO 3 REPROV MESMA DISCIPLINA,2,0,2,0,0,1
,,CANCELADO NOVO INGRESSO MESMO CURSO,0,0,0,0,0,2
,,CANCELADO NOVO INGRESSO OUTRO CURSO,0,0,0,0,0,1
,,CANCELADO REPROVOU TODAS POR FALTAS,5,0,8,7,6,6
,,CANCELAMENTO DE MATRICULA ,0,0,1,1,0,0
,,CANCELAMENTO P/ MUDANCA CURSO,1,0,0,0,0,1
,,CANCELAMENTO P/ SOLICITACAO ALUNO,0,1,2,0,0,1
,,CANCELAMENTO POR ABANDONO,6,7,6,2,2,1
,,GRADUADO,5,6,19,1,6,5
,,Total:,19,14,38,11,14,18
,"31301200 - ADMINISTRAÇÃO - N 
(Sousa)",CANCELADO 3 REPROV MESMA DISCIPLINA,1,0,0,2,0,3
,,CANCELADO NOVO INGRESSO MESMO CURSO,1,0,1,0,0,0
,,CANCELADO NOVO INGRESSO OUTRO CURSO,0,1,0,0,1,0
,,2017.1,2017.2,2018.1,2018.2,2019.1,2019.2
"31301200 - ADMINISTRAÇÃO - N 
(Sousa)",CANCELADO REPROVOU TODAS POR FALTAS,1,7,3,1,1,7
,CANCELAMENTO DE MATRICULA ,0,0,0,1,0,1
,CANCELAMENTO P/ MUDANCA CURSO,0,0,0,0,0,2
,CANCELAMENTO P/ SOLICITACAO ALUNO,5,1,0,3,4,2
,CANCELAMENTO POR ABANDONO,5,6,3,11,3,6
,CONCLUIDO - NAO COLOU GRAU,0,0,0,0,0,1
,GRADUADO,25,3,25,5,17,12
,Total:,38,18,32,23,26,34
"91402100 - AGRONOMIA - D 
(Pombal)",CANCELADO 3 REPROV MESMA DISCIPLINA,1,1,1,3,1,3
,CANCELADO NOVO INGRESSO MESMO CURSO,16,5,13,6,8,7
,CANCELADO NOVO INGRESSO OUTRO CURSO,1,0,0,1,1,0
,CANCELADO REPROVOU TODAS POR FALTAS,1,3,1,3,4,9
,CANCELAMENTO DE MATRICULA ,0,0,0,1,0,0
,CANCELAMENTO P/ MUDANCA CURSO,0,0,0,1,0,0
,CANCELAMENTO P/ SOLICITACAO ALUNO,5,6,8,0,6,3
,CANCELAMENTO POR ABANDONO,11,9,11,12,3,7
,GRADUADO,11,29,16,9,15,15
,Total:,46,53,50,36,38,44
"15101100 - ARQUITETURA E URBANISMO - D 
(Campina Grande)",CANCELADO 3 REPROV MESMA DISCIPLINA,2,0,1,0,1,1
,CANCELADO NOVO INGRESSO MESMO CURSO,0,3,0,3,0,0
,CANCELADO NOVO INGRESSO OUTRO CURSO,0,0,0,0,1,0
,CANCELADO REPROVOU TODAS POR FALTAS,3,0,2,2,2,0
,CANCELAMENTO P/ SOLICITACAO ALUNO,0,6,2,0,2,2
,CANCELAMENTO POR ABANDONO,3,0,2,3,4,5
,GRADUADO,27,11,25,9,20,5
,Total:,35,20,32,17,30,13
,,2017.1,2017.2,2018.1,2018.2,2019.1,2019.2
"13317100 - ARTE E MÍDIA - D 
(Campina Grande)",CANCELADO 3 REPROV MESMA DISCIPLINA,0,3,2,1,0,1
,CANCELADO NOVO INGRESSO MESMO CURSO,0,0,0,1,0,0
,CANCELADO REPROVOU TODAS POR FALTAS,9,1,3,3,3,3
,CANCELAMENTO DE MATRICULA ,0,1,0,0,0,0
,CANCELAMENTO P/ MUDANCA CURSO,0,0,0,0,0,1
,CANCELAMENTO P/ SOLICITACAO ALUNO,2,1,0,2,1,2
,CANCELAMENTO POR ABANDONO,5,4,8,3,6,0
,CONCLUIDO - NAO COLOU GRAU,0,1,0,0,0,0
,GRADUADO,12,8,6,13,13,4
,Total:,28,19,19,23,23,11
"14102100 - CIÊNCIA DA COMPUTAÇÃO - D 
(Campina Grande)",CANCELADO 3 REPROV MESMA DISCIPLINA,15,14,19,3,5,6
,CANCELADO NOVO INGRESSO MESMO CURSO,3,12,3,9,0,6
,CANCELADO NOVO INGRESSO OUTRO CURSO,3,2,1,1,0,2
,CANCELADO REPROVOU TODAS POR FALTAS,13,7,7,6,6,12
,CANCELAMENTO DE MATRICULA ,0,0,0,1,0,0
,CANCELAMENTO P/ MUDANCA CURSO,0,0,0,0,0,2
,CANCELAMENTO P/ SOLICITACAO ALUNO,4,8,5,6,11,1
,CANCELAMENTO POR ABANDONO,9,9,10,13,5,11
,CONCLUIDO - NAO COLOU GRAU,0,0,0,0,1,1
,GRADUADO,32,40,28,33,47,50
,Total:,79,92,73,72,75,91
"21103114 - CIÊNCIAS - FÍSICA (LIC) - M 
(Cajazeiras)",GRADUADO - DECISAO JUDICIAL,0,0,0,0,1,0
,Total:,0,0,0,0,1,0
"41201110 - CIÊNCIAS BIOLÓGICAS (LIC) - D 
(Patos)",CANCELADO 3 REPROV MESMA DISCIPLINA,1,0,0,0,2,0
,CANCELADO NOVO INGRESSO MESMO CURSO,0,0,0,0,1,0
,CANCELADO NOVO INGRESSO OUTRO CURSO,0,0,0,1,0,0
,,2017.1,2017.2,2018.1,2018.2,2019.1,2019.2
"41201110 - CIÊNCIAS BIOLÓGICAS (LIC) - D 
(Patos)",CANCELADO REPROVOU TODAS POR FALTAS,0,4,2,8,1,1
,CANCELAMENTO DE MATRICULA ,0,0,3,0,0,0
,CANCELAMENTO P/ MUDANCA CURSO,1,0,0,0,0,0
,CANCELAMENTO P/ SOLICITACAO ALUNO,3,8,7,0,3,0
,CANCELAMENTO POR ABANDONO,1,3,3,4,3,0
,GRADUADO,9,6,10,8,9,15
,Total:,15,21,25,21,19,16
"51201110 - CIÊNCIAS BIOLÓGICAS (LIC) - D 
(Cuité)",CANCELADO 3 REPROV MESMA DISCIPLINA,1,0,0,1,0,0
,CANCELADO NOVO INGRESSO OUTRO CURSO,3,4,0,7,1,4
,CANCELADO REPROVOU TODAS POR FALTAS,0,0,2,0,0,0
,CANCELAMENTO DE MATRICULA ,0,0,1,0,2,0
,CANCELAMENTO P/ MUDANCA CURSO,0,0,1,0,0,1
,CANCELAMENTO P/ SOLICITACAO ALUNO,1,4,1,3,9,2
,CANCELAMENTO POR ABANDONO,1,3,4,12,1,4
,GRADUADO,11,10,7,9,9,11
,Total:,17,21,16,32,22,22
"21201110 - CIÊNCIAS BIOLÓGICAS (LIC) - M 
(Cajazeiras)",CANCELADO 3 REPROV MESMA DISCIPLINA,1,1,0,1,0,1
,CANCELADO NOVO INGRESSO MESMO CURSO,2,0,1,0,2,0
,CANCELADO NOVO INGRESSO OUTRO CURSO,0,1,2,0,0,3
,CANCELADO REPROVOU TODAS POR FALTAS,3,4,1,2,0,4
,CANCELAMENTO DE MATRICULA ,0,0,0,2,0,0
,CANCELAMENTO P/ SOLICITACAO ALUNO,5,1,3,1,2,0
,CANCELAMENTO POR ABANDONO,3,4,3,7,1,7
,GRADUADO,19,16,12,11,4,1
,Total:,33,27,22,24,9,16
,,2017.1,2017.2,2018.1,2018.2,2019.1,2019.2
"41201210 - CIÊNCIAS BIOLÓGICAS (LIC) - N 
(Patos)",CANCELADO 3 REPROV MESMA DISCIPLINA,2,0,2,0,0,2
,CANCELADO NOVO INGRESSO MESMO CURSO,0,2,0,1,0,1
,CANCELADO NOVO INGRESSO OUTRO CURSO,1,0,0,0,2,0
,CANCELADO REPROVOU TODAS POR FALTAS,6,2,5,3,4,3
,CANCELAMENTO P/ MUDANCA CURSO,2,0,0,0,0,2
,CANCELAMENTO P/ SOLICITACAO ALUNO,0,2,2,5,1,0
,CANCELAMENTO POR ABANDONO,3,5,1,6,7,5
,GRADUADO,15,11,11,4,8,6
,Total:,29,22,21,19,22,19
"51201210 - CIÊNCIAS BIOLÓGICAS (LIC) - N 
(Cuité)",CANCELADO 3 REPROV MESMA DISCIPLINA,1,0,0,0,0,0
,CANCELADO NOVO INGRESSO MESMO CURSO,1,0,3,0,1,0
,CANCELADO NOVO INGRESSO OUTRO CURSO,1,2,1,1,0,4
,CANCELADO REPROVOU TODAS POR FALTAS,1,1,4,0,1,4
,CANCELAMENTO DE MATRICULA ,0,0,0,0,1,0
,CANCELAMENTO P/ MUDANCA CURSO,1,0,1,0,0,3
,CANCELAMENTO P/ SOLICITACAO ALUNO,1,2,3,4,3,2
,CANCELAMENTO POR ABANDONO,3,5,2,8,4,11
,GRADUADO,8,6,10,11,3,10
,Total:,17,16,24,24,13,34
"31360200 - CIÊNCIAS CONTÁBEIS - N 
(Sousa)",CANCELADO 3 REPROV MESMA DISCIPLINA,4,0,4,0,0,1
,CANCELADO NOVO INGRESSO MESMO CURSO,0,2,0,0,1,0
,CANCELADO NOVO INGRESSO OUTRO CURSO,1,0,1,0,0,0
,CANCELADO REPROVOU TODAS POR FALTAS,6,1,8,4,3,5
,CANCELAMENTO DE MATRICULA ,0,0,2,1,2,3
,CANCELAMENTO P/ MUDANCA CURSO,1,0,0,1,0,0
,CANCELAMENTO P/ SOLICITACAO ALUNO,3,0,3,2,2,1
,,2017.1,2017.2,2018.1,2018.2,2019.1,2019.2
"31360200 - CIÊNCIAS CONTÁBEIS - N 
(Sousa)",CANCELAMENTO POR ABANDONO,13,6,6,11,3,5
,GRADUADO,5,24,0,0,29,10
,Total:,33,33,24,19,40,25
"13304100 - CIÊNCIAS ECONÔMICAS - M 
(Campina Grande)",CANCELADO 3 REPROV MESMA DISCIPLINA,3,1,0,2,0,3
,CANCELADO NOVO INGRESSO MESMO CURSO,3,0,3,0,1,0
,CANCELADO NOVO INGRESSO OUTRO CURSO,0,0,0,2,0,5
,CANCELADO REPROVOU TODAS POR FALTAS,4,10,1,11,4,4
,CANCELAMENTO DE MATRICULA ,0,0,2,0,0,0
,CANCELAMENTO P/ MUDANCA CURSO,0,0,1,0,0,1
,CANCELAMENTO P/ SOLICITACAO ALUNO,7,2,3,1,7,1
,CANCELAMENTO POR ABANDONO,3,4,4,1,4,2
,CONCLUIDO - NAO COLOU GRAU,0,0,1,0,0,1
,GRADUADO,11,4,9,4,4,4
,Total:,31,21,24,21,20,21
"13304200 - CIÊNCIAS ECONÔMICAS - N 
(Campina Grande)",CANCELADO 3 REPROV MESMA DISCIPLINA,2,5,1,0,3,1
,CANCELADO NOVO INGRESSO MESMO CURSO,0,0,0,1,0,1
,CANCELADO NOVO INGRESSO OUTRO CURSO,1,0,0,0,1,0
,CANCELADO REPROVOU TODAS POR FALTAS,6,2,13,7,12,3
,CANCELAMENTO DE MATRICULA ,0,0,1,1,0,2
,CANCELAMENTO P/ MUDANCA CURSO,4,0,1,0,0,0
,CANCELAMENTO P/ SOLICITACAO ALUNO,1,7,4,0,0,6
,CANCELAMENTO POR ABANDONO,11,2,7,1,4,5
,GRADUADO,8,2,2,3,2,10
,Total:,33,18,29,13,22,28
"13305150 - CIÊNCIAS SOCIAIS (BAC) - D 
(Campina Grande)",CANCELADO 3 REPROV MESMA DISCIPLINA,0,0,1,1,0,0
,CANCELADO NOVO INGRESSO MESMO CURSO,2,0,1,0,0,0
,,2017.1,2017.2,2018.1,2018.2,2019.1,2019.2
"13305150 - CIÊNCIAS SOCIAIS (BAC) - D 
(Campina Grande)",CANCELADO NOVO INGRESSO OUTRO CURSO,0,4,0,2,0,1
,CANCELADO REPROVOU TODAS POR FALTAS,6,1,1,2,4,1
,CANCELAMENTO DE MATRICULA ,0,0,0,0,0,1
,CANCELAMENTO P/ MUDANCA CURSO,0,0,1,0,0,2
,CANCELAMENTO P/ SOLICITACAO ALUNO,1,4,4,3,10,3
,CANCELAMENTO POR ABANDONO,1,3,0,6,0,6
,GRADUADO,1,3,2,1,3,2
,Total:,11,15,10,15,17,16
"13305250 - CIÊNCIAS SOCIAIS (BAC) - N 
(Campina Grande)",GRADUADO,0,1,0,0,0,0
,Total:,0,1,0,0,0,0
"13305110 - CIÊNCIAS SOCIAIS (LIC) - D 
(Campina Grande)",GRADUADO,1,0,0,0,0,0
,Total:,1,0,0,0,0,0
"13305210 - CIÊNCIAS SOCIAIS (LIC) - N 
(Campina Grande)",CANCELADO 3 REPROV MESMA DISCIPLINA,1,1,0,1,0,0
,CANCELADO NOVO INGRESSO MESMO CURSO,0,0,0,1,0,1
,CANCELADO REPROVOU TODAS POR FALTAS,8,5,9,3,0,5
,CANCELAMENTO DE MATRICULA ,0,1,0,0,0,0
,CANCELAMENTO P/ MUDANCA CURSO,0,0,2,0,0,1
,CANCELAMENTO P/ SOLICITACAO ALUNO,0,2,2,1,3,4
,CANCELAMENTO POR ABANDONO,8,3,6,0,7,3
,GRADUADO,3,12,5,6,4,5
,Total:,20,24,24,12,14,19
"71305210 - CIÊNCIAS SOCIAIS (LIC) - N 
(Sumé)",CANCELADO 3 REPROV MESMA DISCIPLINA,0,0,1,0,0,1
,CANCELADO NOVO INGRESSO MESMO CURSO,1,0,0,0,1,0
,CANCELADO NOVO INGRESSO OUTRO CURSO,0,0,0,1,0,0
,CANCELADO REPROVOU TODAS POR FALTAS,5,11,0,2,5,0
,CANCELAMENTO DE MATRICULA ,0,0,2,0,3,0
,,2017.1,2017.2,2018.1,2018.2,2019.1,2019.2
"71305210 - CIÊNCIAS SOCIAIS (LIC) - N 
(Sumé)",CANCELAMENTO P/ MUDANCA CURSO,1,0,0,0,0,1
,CANCELAMENTO P/ SOLICITACAO ALUNO,1,0,2,0,2,0
,CANCELAMENTO POR ABANDONO,0,4,1,17,0,11
,CONCLUIDO - NAO COLOU GRAU,0,1,0,0,0,0
,GRADUADO,18,8,10,10,7,5
,Total:,26,24,16,30,18,18
"13306100 - COMUNICAÇÃO SOCIAL - D 
(Campina Grande)",CANCELADO 3 REPROV MESMA DISCIPLINA,2,0,1,0,0,0
,CANCELADO NOVO INGRESSO MESMO CURSO,0,0,0,2,0,0
,CANCELADO NOVO INGRESSO OUTRO CURSO,0,0,1,0,0,0
,CANCELADO REPROVOU TODAS POR FALTAS,4,3,1,3,2,2
,CANCELAMENTO P/ MUDANCA CURSO,0,0,0,0,0,1
,CANCELAMENTO P/ SOLICITACAO ALUNO,2,4,4,1,2,2
,CANCELAMENTO POR ABANDONO,6,1,2,5,6,1
,GRADUADO,8,11,11,11,5,9
,Total:,22,19,20,22,15,15
"13306200 - COMUNICAÇÃO SOCIAL - N 
(Campina Grande)",CANCELADO 3 REPROV MESMA DISCIPLINA,0,2,1,0,0,0
,CANCELADO NOVO INGRESSO MESMO CURSO,0,0,0,1,0,0
,CANCELADO NOVO INGRESSO OUTRO CURSO,0,0,0,1,1,0
,CANCELADO REPROVOU TODAS POR FALTAS,7,0,1,1,5,1
,CANCELAMENTO DE MATRICULA ,0,2,0,0,0,0
,CANCELAMENTO P/ MUDANCA CURSO,0,0,1,0,0,2
,CANCELAMENTO P/ SOLICITACAO ALUNO,2,4,4,1,4,1
,CANCELAMENTO POR ABANDONO,7,6,8,5,6,2
,GRADUADO,14,4,7,1,6,7
,Total:,30,18,22,10,22,13
,,2017.1,2017.2,2018.1,2018.2,2019.1,2019.2
"11104120 - DESIGN - D 
(Campina Grande)",CANCELADO 3 REPROV MESMA DISCIPLINA,4,2,2,3,0,1
,CANCELADO NOVO INGRESSO MESMO CURSO,1,2,1,1,0,1
,CANCELADO NOVO INGRESSO OUTRO CURSO,0,4,1,8,0,5
,CANCELADO REPROVOU TODAS POR FALTAS,3,3,1,3,5,3
,CANCELAMENTO DE MATRICULA ,0,1,1,4,3,0
,CANCELAMENTO P/ MUDANCA CURSO,0,0,1,0,0,0
,CANCELAMENTO P/ SOLICITACAO ALUNO,0,1,0,0,9,3
,CANCELAMENTO POR ABANDONO,9,11,10,11,5,3
,GRADUADO,11,24,19,14,6,22
,Total:,28,48,36,44,28,38
"31350100 - DIREITO - M 
(Sousa)",CANCELADO NOVO INGRESSO MESMO CURSO,0,0,1,0,0,0
,CANCELADO REPROVOU TODAS POR FALTAS,2,2,4,0,1,1
,CANCELAMENTO P/ MUDANCA CURSO,0,0,2,0,0,2
,CANCELAMENTO P/ SOLICITACAO ALUNO,5,5,2,0,6,5
,CANCELAMENTO POR ABANDONO,5,1,3,6,1,1
,CONCLUIDO - NAO COLOU GRAU,0,0,0,0,1,0
,GRADUADO,0,38,5,51,5,49
,Total:,12,46,17,57,14,58
"31350200 - DIREITO - N 
(Sousa)",CANCELADO NOVO INGRESSO MESMO CURSO,0,0,0,0,1,0
,CANCELADO REPROVOU TODAS POR FALTAS,1,9,2,0,2,6
,CANCELAMENTO P/ MUDANCA CURSO,1,0,6,0,0,0
,CANCELAMENTO P/ SOLICITACAO ALUNO,3,3,2,1,3,2
,CANCELAMENTO POR ABANDONO,7,5,5,13,4,7
,GRADUADO,54,0,38,2,40,2
,Total:,66,17,53,16,50,17
,,2017.1,2017.2,2018.1,2018.2,2019.1,2019.2
"31350300 - DIREITO - V 
(Sousa)",CANCELADO NOVO INGRESSO OUTRO CURSO,0,0,0,1,0,0
,CANCELADO REPROVOU TODAS POR FALTAS,1,2,0,0,0,1
,CANCELAMENTO P/ MUDANCA CURSO,1,0,1,0,0,0
,CANCELAMENTO P/ SOLICITACAO ALUNO,2,2,3,3,4,1
,CANCELAMENTO POR ABANDONO,3,0,2,3,4,2
,GRADUADO,1,56,3,58,2,35
,Total:,8,60,9,65,10,39
"12204100 - ENFERMAGEM - D 
(Campina Grande)",CANCELADO 3 REPROV MESMA DISCIPLINA,2,0,1,0,0,0
,CANCELADO NOVO INGRESSO MESMO CURSO,0,0,0,0,0,1
,CANCELADO REPROVOU TODAS POR FALTAS,2,3,3,5,4,5
,CANCELAMENTO P/ SOLICITACAO ALUNO,1,4,2,0,4,4
,CANCELAMENTO POR ABANDONO,4,3,2,2,0,1
,CONCLUIDO - NAO COLOU GRAU,0,0,0,0,0,1
,GRADUADO,20,21,13,11,11,13
,Total:,29,31,21,18,19,25
"21204100 - ENFERMAGEM - D 
(Cajazeiras)",CANCELADO 3 REPROV MESMA DISCIPLINA,1,0,1,0,1,0
,CANCELADO NOVO INGRESSO MESMO CURSO,2,2,0,0,0,0
,CANCELADO NOVO INGRESSO OUTRO CURSO,1,0,0,0,1,0
,CANCELADO REPROVOU TODAS POR FALTAS,0,0,1,0,2,0
,CANCELAMENTO P/ MUDANCA CURSO,0,0,0,0,0,1
,CANCELAMENTO P/ SOLICITACAO ALUNO,2,3,2,1,6,2
,CANCELAMENTO POR ABANDONO,8,3,2,6,1,12
,GRADUADO,23,30,22,20,15,22
,Total:,37,38,28,27,26,37
"51204100 - ENFERMAGEM - D 
(Cuité)",CANCELADO 3 REPROV MESMA DISCIPLINA,0,0,1,0,1,4
,CANCELADO NOVO INGRESSO MESMO CURSO,0,0,1,1,0,0
,,2017.1,2017.2,2018.1,2018.2,2019.1,2019.2
"51204100 - ENFERMAGEM - D 
(Cuité)",CANCELADO NOVO INGRESSO OUTRO CURSO,2,0,0,0,0,5
,CANCELADO REPROVOU TODAS POR FALTAS,3,1,3,1,2,1
,CANCELAMENTO P/ MUDANCA CURSO,1,0,1,0,0,0
,CANCELAMENTO P/ SOLICITACAO ALUNO,1,3,2,0,2,0
,CANCELAMENTO POR ABANDONO,5,5,2,4,5,7
,GRADUADO,26,24,23,26,17,13
,Total:,38,33,33,32,27,30
"71132100 - ENG. DE BIOTECNOLOGIA E BIOPROCESSOS - D 
(Sumé)",CANCELADO 3 REPROV MESMA DISCIPLINA,2,3,2,2,1,1
,CANCELADO NOVO INGRESSO MESMO CURSO,16,0,15,0,5,0
,CANCELADO NOVO INGRESSO OUTRO CURSO,2,0,3,0,0,0
,CANCELADO REPROVOU TODAS POR FALTAS,0,3,1,1,3,2
,CANCELAMENTO P/ MUDANCA CURSO,0,0,2,0,1,1
,CANCELAMENTO P/ SOLICITACAO ALUNO,6,1,4,2,9,2
,CANCELAMENTO POR ABANDONO,5,4,2,7,3,3
,GRADUADO,9,6,5,9,8,8
,Total:,40,17,34,21,30,17
"15121100 - ENGENHARIA AGRÍCOLA - D 
(Campina Grande)",CANCELADO 3 REPROV MESMA DISCIPLINA,8,0,3,2,3,2
,CANCELADO NOVO INGRESSO MESMO CURSO,12,0,21,0,11,0
,CANCELADO NOVO INGRESSO OUTRO CURSO,1,3,2,7,2,2
,CANCELADO REPROVOU TODAS POR FALTAS,2,0,6,4,6,7
,CANCELAMENTO DE MATRICULA ,0,0,1,0,0,0
,CANCELAMENTO P/ MUDANCA CURSO,0,0,0,0,1,0
,CANCELAMENTO P/ SOLICITACAO ALUNO,4,4,7,7,6,2
,CANCELAMENTO POR ABANDONO,6,6,4,5,6,7
,GRADUADO,4,3,5,4,8,5
,Total:,37,16,49,29,43,25
,,2017.1,2017.2,2018.1,2018.2,2019.1,2019.2
"91130100 - ENGENHARIA AMBIENTAL - D 
(Pombal)",CANCELADO 3 REPROV MESMA DISCIPLINA,3,8,4,4,7,3
,CANCELADO NOVO INGRESSO MESMO CURSO,21,5,4,0,7,5
,CANCELADO NOVO INGRESSO OUTRO CURSO,2,3,2,9,0,3
,CANCELADO REPROVOU TODAS POR FALTAS,6,2,3,6,4,3
,CANCELAMENTO DE MATRICULA ,0,1,0,0,0,0
,CANCELAMENTO P/ DECISAO JUDICIAL,1,0,0,0,0,0
,CANCELAMENTO P/ MUDANCA CURSO,2,0,1,0,1,3
,CANCELAMENTO P/ SOLICITACAO ALUNO,7,7,10,9,18,15
,CANCELAMENTO POR ABANDONO,8,6,13,3,7,7
,GRADUADO,22,13,15,28,15,11
,Total:,72,45,52,59,59,50
"15122100 - ENGENHARIA CIVIL - D 
(Campina Grande)",CANCELADO 3 REPROV MESMA DISCIPLINA,7,6,4,3,4,9
,CANCELADO NOVO INGRESSO MESMO CURSO,4,5,4,5,5,5
,CANCELADO NOVO INGRESSO OUTRO CURSO,0,1,0,4,2,6
,CANCELADO REPROVOU TODAS POR FALTAS,1,4,6,4,8,5
,CANCELAMENTO DE MATRICULA ,2,1,0,0,2,1
,CANCELAMENTO P/ MUDANCA CURSO,0,0,0,0,0,3
,CANCELAMENTO P/ SOLICITACAO ALUNO,2,6,6,8,11,5
,CANCELAMENTO POR ABANDONO,9,8,11,10,5,10
,CONCLUIDO - NAO COLOU GRAU,0,0,0,0,1,1
,GRADUADO,44,43,41,55,52,40
,Total:,69,74,72,89,90,85
"91122100 - ENGENHARIA CIVIL - D 
(Pombal)",CANCELADO 3 REPROV MESMA DISCIPLINA,1,1,0,5,4,4
,CANCELADO NOVO INGRESSO MESMO CURSO,1,1,0,5,4,9
,CANCELADO NOVO INGRESSO OUTRO CURSO,0,5,0,0,0,1
,CANCELADO REPROVOU TODAS POR FALTAS,7,1,0,7,4,3
,,2017.1,2017.2,2018.1,2018.2,2019.1,2019.2
"91122100 - ENGENHARIA CIVIL - D 
(Pombal)",CANCELAMENTO P/ MUDANCA CURSO,0,0,0,0,0,1
,CANCELAMENTO P/ SOLICITACAO ALUNO,6,2,3,1,4,5
,CANCELAMENTO POR ABANDONO,2,1,3,4,5,3
,GRADUADO,0,0,0,0,23,15
,Total:,17,11,6,22,44,41
"15125100 - ENGENHARIA DE ALIMENTOS - D 
(Campina Grande)",CANCELADO 3 REPROV MESMA DISCIPLINA,4,4,4,2,0,2
,CANCELADO NOVO INGRESSO MESMO CURSO,9,0,13,0,14,0
,CANCELADO NOVO INGRESSO OUTRO CURSO,1,1,2,5,0,4
,CANCELADO REPROVOU TODAS POR FALTAS,3,3,3,4,6,5
,CANCELAMENTO P/ MUDANCA CURSO,1,0,0,0,1,0
,CANCELAMENTO P/ SOLICITACAO ALUNO,1,5,7,1,12,4
,CANCELAMENTO POR ABANDONO,2,5,2,1,4,4
,CONCLUIDO - NAO COLOU GRAU,0,0,0,0,0,1
,GRADUADO,11,2,13,3,4,5
,Total:,32,20,44,16,41,25
"91125100 - ENGENHARIA DE ALIMENTOS - D 
(Pombal)",CANCELADO 3 REPROV MESMA DISCIPLINA,7,3,2,3,4,2
,CANCELADO NOVO INGRESSO MESMO CURSO,9,10,5,5,5,17
,CANCELADO NOVO INGRESSO OUTRO CURSO,1,2,0,2,0,2
,CANCELADO REPROVOU TODAS POR FALTAS,1,2,0,0,1,2
,CANCELAMENTO DE MATRICULA ,0,0,1,0,0,0
,CANCELAMENTO P/ MUDANCA CURSO,0,0,0,0,1,1
,CANCELAMENTO P/ SOLICITACAO ALUNO,2,9,13,8,20,14
,CANCELAMENTO POR ABANDONO,6,7,11,3,11,7
,GRADUADO,15,25,12,14,14,3
,Total:,41,58,44,35,56,48
,,2017.1,2017.2,2018.1,2018.2,2019.1,2019.2
"71131100 - ENGENHARIA DE BIOSSISTEMAS - D 
(Sumé)",CANCELADO 3 REPROV MESMA DISCIPLINA,2,2,1,2,4,1
,CANCELADO NOVO INGRESSO MESMO CURSO,9,0,5,0,2,0
,CANCELADO NOVO INGRESSO OUTRO CURSO,2,0,5,1,2,2
,CANCELADO REPROVOU TODAS POR FALTAS,7,1,4,1,0,5
,CANCELAMENTO P/ MUDANCA CURSO,1,0,2,1,1,0
,CANCELAMENTO P/ SOLICITACAO ALUNO,2,2,4,2,13,1
,CANCELAMENTO POR ABANDONO,0,3,3,6,2,2
,CONCLUIDO - NAO COLOU GRAU,0,0,0,1,0,0
,GRADUADO,7,4,3,13,3,7
,Total:,30,12,27,27,27,18
"11126100 - ENGENHARIA DE MATERIAIS - D 
(Campina Grande)",CANCELADO 3 REPROV MESMA DISCIPLINA,6,2,8,3,1,3
,CANCELADO NOVO INGRESSO MESMO CURSO,33,0,14,0,2,0
,CANCELADO NOVO INGRESSO OUTRO CURSO,2,11,2,15,0,17
,CANCELADO REPROVOU TODAS POR FALTAS,2,4,5,2,7,5
,CANCELAMENTO DE MATRICULA ,0,0,0,0,1,0
,CANCELAMENTO P/ MUDANCA CURSO,1,0,0,0,0,0
,CANCELAMENTO P/ SOLICITACAO ALUNO,1,5,5,2,12,1
,CANCELAMENTO POR ABANDONO,7,7,4,7,7,6
,CONCLUIDO - NAO COLOU GRAU,0,0,0,0,0,1
,GRADUADO,6,15,10,16,8,6
,Total:,58,44,48,45,38,39
"15127100 - ENGENHARIA DE MINAS - D 
(Campina Grande)",CANCELADO 3 REPROV MESMA DISCIPLINA,3,1,6,1,3,2
,CANCELADO NOVO INGRESSO MESMO CURSO,14,0,5,0,6,0
,CANCELADO NOVO INGRESSO OUTRO CURSO,2,3,2,6,0,4
,CANCELADO REPROVOU TODAS POR FALTAS,5,0,2,8,2,5
,CANCELAMENTO DE MATRICULA ,0,0,1,1,1,0
,,2017.1,2017.2,2018.1,2018.2,2019.1,2019.2
"15127100 - ENGENHARIA DE MINAS - D 
(Campina Grande)",CANCELAMENTO P/ SOLICITACAO ALUNO,2,4,5,3,11,6
,CANCELAMENTO POR ABANDONO,3,1,3,2,6,3
,GRADUADO,13,17,10,14,5,6
,GRADUADO - DECISAO JUDICIAL,0,3,0,0,0,0
,Total:,42,29,34,35,34,26
"11135100 - ENGENHARIA DE PETRÓLEO - D 
(Campina Grande)",CANCELADO 3 REPROV MESMA DISCIPLINA,1,2,4,4,0,7
,CANCELADO NOVO INGRESSO MESMO CURSO,12,0,7,0,7,0
,CANCELADO NOVO INGRESSO OUTRO CURSO,2,2,2,9,3,13
,CANCELADO REPROVOU TODAS POR FALTAS,1,4,5,4,2,7
,CANCELAMENTO P/ DECISAO JUDICIAL,1,0,0,0,0,0
,CANCELAMENTO P/ MUDANCA CURSO,0,0,1,0,0,1
,CANCELAMENTO P/ SOLICITACAO ALUNO,2,4,9,0,1,2
,CANCELAMENTO POR ABANDONO,6,3,4,6,2,6
,GRADUADO,7,15,13,19,7,10
,Total:,32,30,45,42,22,46
"11133100 - ENGENHARIA DE PRODUÇÃO - D 
(Campina Grande)",CANCELADO 3 REPROV MESMA DISCIPLINA,3,3,2,3,1,4
,CANCELADO NOVO INGRESSO MESMO CURSO,5,0,4,0,2,0
,CANCELADO NOVO INGRESSO OUTRO CURSO,0,4,3,2,0,2
,CANCELADO REPROVOU TODAS POR FALTAS,0,2,1,6,0,2
,CANCELAMENTO P/ SOLICITACAO ALUNO,1,1,6,2,6,0
,CANCELAMENTO POR ABANDONO,6,1,1,2,2,3
,GRADUADO,17,18,19,13,6,7
,Total:,32,29,36,28,17,18
"71133100 - ENGENHARIA DE PRODUÇÃO - D 
(Sumé)",CANCELADO 3 REPROV MESMA DISCIPLINA,3,1,3,1,2,1
,CANCELADO NOVO INGRESSO MESMO CURSO,12,0,9,0,1,0
,CANCELADO NOVO INGRESSO OUTRO CURSO,0,0,0,2,1,1
,,2017.1,2017.2,2018.1,2018.2,2019.1,2019.2
"71133100 - ENGENHARIA DE PRODUÇÃO - D 
(Sumé)",CANCELADO REPROVOU TODAS POR FALTAS,0,4,1,2,2,1
,CANCELAMENTO P/ MUDANCA CURSO,1,0,2,0,2,0
,CANCELAMENTO P/ SOLICITACAO ALUNO,2,1,1,0,2,5
,CANCELAMENTO POR ABANDONO,5,4,1,8,3,9
,GRADUADO,7,8,6,30,8,22
,GRADUADO - DECISAO JUDICIAL,0,1,0,0,2,0
,Total:,30,19,23,43,23,39
"14123100 - ENGENHARIA ELÉTRICA 
(Campina Grande)",CANCELADO 3 REPROV MESMA DISCIPLINA,34,27,18,21,25,18
,CANCELADO NOVO INGRESSO MESMO CURSO,36,31,18,46,44,44
,CANCELADO NOVO INGRESSO OUTRO CURSO,2,9,13,10,11,18
,CANCELADO REPROVOU TODAS POR FALTAS,8,12,22,13,17,14
,CANCELAMENTO DE MATRICULA ,0,0,0,2,1,1
,CANCELAMENTO P/ MUDANCA CURSO,1,0,2,2,3,2
,CANCELAMENTO P/ SOLICITACAO ALUNO,11,25,10,9,15,4
,CANCELAMENTO POR ABANDONO,19,8,15,18,21,9
,GRADUADO,39,47,32,47,47,63
,Total:,150,159,130,168,184,173
"41403100 - ENGENHARIA FLORESTAL - D 
(Patos)",CANCELADO 3 REPROV MESMA DISCIPLINA,0,3,2,0,1,1
,CANCELADO NOVO INGRESSO MESMO CURSO,2,0,5,0,2,0
,CANCELADO NOVO INGRESSO OUTRO CURSO,0,1,0,0,0,0
,CANCELADO REPROVOU TODAS POR FALTAS,3,1,3,3,5,1
,CANCELAMENTO DE MATRICULA ,1,0,0,0,0,0
,CANCELAMENTO P/ SOLICITACAO ALUNO,2,1,1,1,10,5
,CANCELAMENTO POR ABANDONO,2,3,3,11,3,5
,GRADUADO,4,11,6,17,1,5
,Total:,14,20,20,32,22,17
,,2017.1,2017.2,2018.1,2018.2,2019.1,2019.2
"11124100 - ENGENHARIA MECÂNICA - D 
(Campina Grande)",CANCELADO 3 REPROV MESMA DISCIPLINA,6,4,5,0,7,10
,CANCELADO NOVO INGRESSO MESMO CURSO,4,7,6,3,7,3
,CANCELADO NOVO INGRESSO OUTRO CURSO,4,5,1,0,3,3
,CANCELADO REPROVOU TODAS POR FALTAS,4,0,7,6,4,4
,CANCELAMENTO DE MATRICULA ,0,0,1,0,0,0
,CANCELAMENTO P/ MUDANCA CURSO,0,0,0,4,1,1
,CANCELAMENTO P/ SOLICITACAO ALUNO,6,9,7,3,10,3
,CANCELAMENTO POR ABANDONO,5,13,10,4,9,3
,CONCLUIDO - NAO COLOU GRAU,0,0,0,0,0,1
,GRADUADO,27,36,15,16,14,17
,Total:,56,74,52,36,55,45
"11128100 - ENGENHARIA QUÍMICA - D 
(Campina Grande)",CANCELADO 3 REPROV MESMA DISCIPLINA,1,7,1,5,2,0
,CANCELADO NOVO INGRESSO MESMO CURSO,16,0,13,0,17,0
,CANCELADO NOVO INGRESSO OUTRO CURSO,1,3,1,3,1,2
,CANCELADO REPROVOU TODAS POR FALTAS,0,2,2,2,0,1
,CANCELAMENTO P/ MUDANCA CURSO,0,0,0,0,2,1
,CANCELAMENTO P/ SOLICITACAO ALUNO,1,4,7,4,20,9
,CANCELAMENTO POR ABANDONO,3,3,2,12,7,3
,CONCLUIDO - NAO COLOU GRAU,0,0,0,0,0,1
,GRADUADO,19,19,11,22,11,17
,Total:,41,38,37,48,60,34
"11134100 - ESTATÍSTICA - D 
(Campina Grande)",CANCELADO 3 REPROV MESMA DISCIPLINA,3,2,1,1,1,5
,CANCELADO NOVO INGRESSO MESMO CURSO,4,0,1,0,4,0
,CANCELADO NOVO INGRESSO OUTRO CURSO,0,3,0,2,0,0
,CANCELADO REPROVOU TODAS POR FALTAS,1,4,0,7,1,0
,CANCELAMENTO P/ MUDANCA CURSO,0,0,0,0,1,0
,,2017.1,2017.2,2018.1,2018.2,2019.1,2019.2
"11134100 - ESTATÍSTICA - D 
(Campina Grande)",CANCELAMENTO P/ SOLICITACAO ALUNO,7,1,4,1,8,0
,CANCELAMENTO POR ABANDONO,0,4,2,4,1,0
,GRADUADO,2,2,0,2,2,2
,Total:,17,16,8,17,18,7
"51203100 - FARMÁCIA - D 
(Cuité)",CANCELADO 3 REPROV MESMA DISCIPLINA,1,2,3,1,0,2
,CANCELADO NOVO INGRESSO MESMO CURSO,2,4,3,6,1,5
,CANCELADO NOVO INGRESSO OUTRO CURSO,0,0,0,0,1,0
,CANCELADO REPROVOU TODAS POR FALTAS,1,1,3,3,5,7
,CANCELAMENTO DE MATRICULA ,0,0,1,0,0,0
,CANCELAMENTO P/ SOLICITACAO ALUNO,1,1,5,3,3,5
,CANCELAMENTO POR ABANDONO,2,3,12,2,3,3
,GRADUADO,18,29,11,19,20,43
,Total:,25,40,38,34,33,65
"13314250 - FILOSOFIA (BAC) - N 
(Campina Grande)",CANCELADO 3 REPROV MESMA DISCIPLINA,1,1,1,0,0,2
,CANCELADO NOVO INGRESSO MESMO CURSO,1,0,0,0,0,0
,CANCELADO NOVO INGRESSO OUTRO CURSO,1,0,0,0,0,0
,CANCELADO REPROVOU TODAS POR FALTAS,2,5,3,2,5,11
,CANCELAMENTO P/ MUDANCA CURSO,0,0,1,0,2,3
,CANCELAMENTO P/ SOLICITACAO ALUNO,0,0,2,0,1,1
,CANCELAMENTO POR ABANDONO,1,2,2,2,0,3
,GRADUADO,2,0,0,0,2,0
,Total:,8,8,9,4,10,20
"13314210 - FILOSOFIA (LIC) - N 
(Campina Grande)",CANCELADO 3 REPROV MESMA DISCIPLINA,1,2,0,0,0,0
,CANCELADO NOVO INGRESSO MESMO CURSO,4,0,0,0,0,0
,CANCELADO NOVO INGRESSO OUTRO CURSO,0,0,0,1,0,1
,CANCELADO REPROVOU TODAS POR FALTAS,0,4,4,6,2,7
,,2017.1,2017.2,2018.1,2018.2,2019.1,2019.2
"13314210 - FILOSOFIA (LIC) - N 
(Campina Grande)",CANCELAMENTO P/ SOLICITACAO ALUNO,1,1,4,0,4,0
,CANCELAMENTO POR ABANDONO,0,0,1,3,3,3
,GRADUADO,1,2,0,0,2,4
,Total:,7,9,9,10,11,15
"11105150 - FÍSICA (BAC) - D 
(Campina Grande)",CANCELADO 3 REPROV MESMA DISCIPLINA,0,1,1,2,0,0
,CANCELADO NOVO INGRESSO MESMO CURSO,3,0,3,0,0,0
,CANCELADO NOVO INGRESSO OUTRO CURSO,0,1,0,0,2,2
,CANCELADO REPROVOU TODAS POR FALTAS,3,3,1,4,0,3
,CANCELAMENTO P/ MUDANCA CURSO,0,0,1,0,0,0
,CANCELAMENTO P/ SOLICITACAO ALUNO,3,1,5,0,3,1
,CANCELAMENTO POR ABANDONO,2,0,1,1,1,1
,GRADUADO,1,2,3,2,3,1
,Total:,12,8,15,9,9,8
"11105110 - FÍSICA (LIC) - D 
(Campina Grande)",CANCELADO 3 REPROV MESMA DISCIPLINA,0,1,2,0,2,2
,CANCELADO NOVO INGRESSO MESMO CURSO,3,0,6,0,2,0
,CANCELADO NOVO INGRESSO OUTRO CURSO,0,1,2,0,0,1
,CANCELADO REPROVOU TODAS POR FALTAS,0,1,1,2,2,2
,CANCELAMENTO DE MATRICULA ,0,0,2,0,0,0
,CANCELAMENTO P/ SOLICITACAO ALUNO,1,3,2,0,4,3
,CANCELAMENTO POR ABANDONO,2,2,0,2,1,0
,CONCLUIDO - NAO COLOU GRAU,0,0,0,0,0,1
,GRADUADO,2,2,0,2,1,2
,Total:,8,10,15,6,12,11
"51105110 - FÍSICA (LIC) - D 
(Cuité)",CANCELADO 3 REPROV MESMA DISCIPLINA,1,2,2,1,1,2
,CANCELADO NOVO INGRESSO MESMO CURSO,7,0,3,0,3,0
,CANCELADO NOVO INGRESSO OUTRO CURSO,0,2,1,0,3,1
,,2017.1,2017.2,2018.1,2018.2,2019.1,2019.2
"51105110 - FÍSICA (LIC) - D 
(Cuité)",CANCELADO REPROVOU TODAS POR FALTAS,2,0,2,5,3,1
,CANCELAMENTO P/ MUDANCA CURSO,0,0,0,0,0,1
,CANCELAMENTO P/ SOLICITACAO ALUNO,3,0,8,3,4,0
,CANCELAMENTO POR ABANDONO,2,2,1,4,2,0
,GRADUADO,5,6,1,1,2,1
,Total:,20,12,18,14,18,6
"21105210 - FÍSICA (LIC) - N 
(Cajazeiras)",CANCELADO 3 REPROV MESMA DISCIPLINA,0,0,0,2,0,0
,CANCELADO NOVO INGRESSO MESMO CURSO,1,0,2,0,7,0
,CANCELADO NOVO INGRESSO OUTRO CURSO,1,0,0,0,0,0
,CANCELADO REPROVOU TODAS POR FALTAS,3,10,1,7,2,7
,CANCELAMENTO DE MATRICULA ,0,0,0,1,0,0
,CANCELAMENTO P/ SOLICITACAO ALUNO,5,2,5,1,7,3
,CANCELAMENTO POR ABANDONO,3,5,3,2,0,7
,GRADUADO,2,0,0,3,0,5
,Total:,15,17,11,16,16,22
"51105210 - FÍSICA (LIC) - N 
(Cuité)",CANCELADO 3 REPROV MESMA DISCIPLINA,0,1,4,1,3,2
,CANCELADO NOVO INGRESSO MESMO CURSO,5,0,2,0,7,0
,CANCELADO NOVO INGRESSO OUTRO CURSO,0,0,2,0,0,1
,CANCELADO REPROVOU TODAS POR FALTAS,3,0,5,6,3,0
,CANCELAMENTO DE MATRICULA ,0,0,0,0,1,0
,CANCELAMENTO P/ SOLICITACAO ALUNO,2,2,1,1,1,0
,CANCELAMENTO POR ABANDONO,1,4,1,5,5,6
,GRADUADO,2,1,1,3,1,2
,Total:,13,8,16,16,21,11
"13316110 - GEOGRAFIA (LIC) - D 
(Campina Grande)",CANCELADO 3 REPROV MESMA DISCIPLINA,2,1,0,0,1,0
,CANCELADO NOVO INGRESSO MESMO CURSO,2,0,1,0,1,0
,,2017.1,2017.2,2018.1,2018.2,2019.1,2019.2
"13316110 - GEOGRAFIA (LIC) - D 
(Campina Grande)",CANCELADO NOVO INGRESSO OUTRO CURSO,0,0,1,2,0,1
,CANCELADO REPROVOU TODAS POR FALTAS,4,1,3,5,1,8
,CANCELAMENTO P/ MUDANCA CURSO,1,0,0,0,0,0
,CANCELAMENTO P/ SOLICITACAO ALUNO,2,4,4,3,15,2
,CANCELAMENTO POR ABANDONO,1,6,2,4,2,2
,GRADUADO,1,9,7,17,5,9
,Total:,13,21,18,31,25,22
"13316210 - GEOGRAFIA (LIC) - N 
(Campina Grande)",CANCELADO 3 REPROV MESMA DISCIPLINA,1,2,1,0,0,0
,CANCELADO NOVO INGRESSO MESMO CURSO,3,0,0,0,0,0
,CANCELADO NOVO INGRESSO OUTRO CURSO,2,1,0,2,0,0
,CANCELADO REPROVOU TODAS POR FALTAS,5,0,4,3,1,9
,CANCELAMENTO DE MATRICULA ,0,1,0,0,1,0
,CANCELAMENTO P/ MUDANCA CURSO,1,0,0,0,0,0
,CANCELAMENTO P/ SOLICITACAO ALUNO,1,1,1,3,11,1
,CANCELAMENTO POR ABANDONO,5,15,2,10,1,5
,GRADUADO,2,13,4,2,11,6
,Total:,20,33,12,20,25,21
"21316110 - GEOGRAFIA (LICENCIATURA) - M 
(Cajazeiras)",CANCELADO 3 REPROV MESMA DISCIPLINA,2,0,1,1,1,1
,CANCELADO NOVO INGRESSO MESMO CURSO,0,1,0,0,0,0
,CANCELADO NOVO INGRESSO OUTRO CURSO,1,0,3,0,0,0
,CANCELADO REPROVOU TODAS POR FALTAS,0,0,0,1,5,0
,CANCELAMENTO P/ MUDANCA CURSO,1,0,3,1,1,2
,CANCELAMENTO P/ SOLICITACAO ALUNO,0,1,2,1,3,2
,CANCELAMENTO POR ABANDONO,5,5,15,7,2,1
,GRADUADO,14,16,9,13,2,15
,Total:,23,23,33,24,14,21
,,2017.1,2017.2,2018.1,2018.2,2019.1,2019.2
"21316210 - GEOGRAFIA (LICENCIATURA) - N 
(Cajazeiras)",CANCELADO 3 REPROV MESMA DISCIPLINA,1,0,1,0,1,0
,CANCELADO NOVO INGRESSO MESMO CURSO,1,0,0,0,0,0
,CANCELADO NOVO INGRESSO OUTRO CURSO,0,2,0,3,0,2
,CANCELADO REPROVOU TODAS POR FALTAS,5,1,0,2,3,7
,CANCELAMENTO P/ MUDANCA CURSO,2,0,0,1,1,0
,CANCELAMENTO P/ SOLICITACAO ALUNO,4,2,1,0,2,2
,CANCELAMENTO POR ABANDONO,2,5,1,6,0,2
,GRADUADO,12,6,5,10,5,12
,Total:,27,16,8,22,12,25
"13309110 - HISTÓRIA (LIC) - M 
(Campina Grande)",CANCELADO 3 REPROV MESMA DISCIPLINA,0,0,1,1,0,1
,CANCELADO NOVO INGRESSO MESMO CURSO,1,0,1,0,1,0
,CANCELADO REPROVOU TODAS POR FALTAS,1,6,1,6,2,4
,CANCELAMENTO P/ SOLICITACAO ALUNO,2,1,7,1,10,1
,CANCELAMENTO POR ABANDONO,1,2,0,2,0,2
,GRADUADO,5,8,9,2,6,16
,Total:,10,17,19,12,19,24
"21309110 - HISTÓRIA (LIC) - M 
(Cajazeiras)",CANCELADO 3 REPROV MESMA DISCIPLINA,1,1,2,3,1,2
,CANCELADO NOVO INGRESSO MESMO CURSO,2,0,0,0,0,0
,CANCELADO NOVO INGRESSO OUTRO CURSO,0,2,0,1,0,2
,CANCELADO REPROVOU TODAS POR FALTAS,4,2,2,4,6,4
,CANCELAMENTO DE MATRICULA ,1,0,1,0,2,0
,CANCELAMENTO P/ MUDANCA CURSO,2,0,0,0,0,0
,CANCELAMENTO P/ SOLICITACAO ALUNO,6,4,5,0,6,6
,CANCELAMENTO POR ABANDONO,2,4,1,7,1,4
,GRADUADO,14,5,5,5,7,17
,Total:,32,18,16,20,23,35
,,2017.1,2017.2,2018.1,2018.2,2019.1,2019.2
"19309110 - HISTÓRIA (LIC) - M (PARFOR) 
(Campina Grande)",CANCELAMENTO POR ABANDONO,2,0,0,0,0,0
,GRADUADO,0,0,0,13,0,0
,Total:,2,0,0,13,0,0
"13309210 - HISTÓRIA (LIC) - N 
(Campina Grande)",CANCELADO 3 REPROV MESMA DISCIPLINA,1,0,1,2,2,0
,CANCELADO NOVO INGRESSO OUTRO CURSO,0,1,1,0,1,0
,CANCELADO REPROVOU TODAS POR FALTAS,5,0,9,4,8,1
,CANCELAMENTO P/ MUDANCA CURSO,0,0,0,0,1,2
,CANCELAMENTO P/ SOLICITACAO ALUNO,1,7,3,1,2,0
,CANCELAMENTO POR ABANDONO,3,2,0,2,4,3
,CONCLUIDO - NAO COLOU GRAU,0,0,0,0,1,0
,GRADUADO,4,21,9,10,6,10
,Total:,14,31,23,19,25,16
"21309210 - HISTÓRIA (LIC) - N 
(Cajazeiras)",CANCELADO 3 REPROV MESMA DISCIPLINA,2,0,2,2,0,0
,CANCELADO NOVO INGRESSO MESMO CURSO,0,0,0,0,0,1
,CANCELADO NOVO INGRESSO OUTRO CURSO,2,0,2,0,1,0
,CANCELADO REPROVOU TODAS POR FALTAS,7,3,7,5,9,2
,CANCELAMENTO DE MATRICULA ,1,0,0,1,2,1
,CANCELAMENTO P/ MUDANCA CURSO,2,0,0,1,2,1
,CANCELAMENTO P/ SOLICITACAO ALUNO,1,1,2,0,2,3
,CANCELAMENTO POR ABANDONO,6,2,2,9,4,0
,CONCLUIDO - NAO COLOU GRAU,0,0,0,0,1,0
,GRADUADO,17,10,10,7,7,4
,Total:,38,16,25,25,28,12
"71315110 - INTERDISCIPLINAR EM EDUC. DO CAMPO(LIC)D 
(Sumé)",CANCELADO 3 REPROV MESMA DISCIPLINA,0,0,3,0,0,1
,CANCELADO NOVO INGRESSO MESMO CURSO,0,0,2,0,0,0
,CANCELADO NOVO INGRESSO OUTRO CURSO,1,0,0,0,0,0
,,2017.1,2017.2,2018.1,2018.2,2019.1,2019.2
"71315110 - INTERDISCIPLINAR EM EDUC. DO CAMPO(LIC)D 
(Sumé)",CANCELADO REPROVOU TODAS POR FALTAS,11,4,2,14,4,2
,CANCELAMENTO DE MATRICULA ,0,1,1,0,2,0
,CANCELAMENTO P/ SOLICITACAO ALUNO,1,0,0,0,0,0
,CANCELAMENTO POR ABANDONO,0,0,0,0,0,2
,CONCLUIDO - NAO COLOU GRAU,0,1,0,0,0,0
,GRADUADO,7,7,7,3,12,8
,Total:,20,13,15,17,18,13
"13310214 - LETRAS - ESPANHOL (LICENCIATURA) N 
(Campina Grande)",CANCELADO 3 REPROV MESMA DISCIPLINA,1,0,0,0,0,0
,CANCELADO NOVO INGRESSO OUTRO CURSO,0,0,0,1,0,0
,CANCELADO REPROVOU TODAS POR FALTAS,11,2,6,1,5,4
,CANCELAMENTO P/ MUDANCA CURSO,0,0,0,0,0,1
,CANCELAMENTO P/ SOLICITACAO ALUNO,0,1,1,0,1,1
,CANCELAMENTO POR ABANDONO,0,0,6,0,0,1
,GRADUADO,0,3,4,2,2,3
,Total:,12,6,17,4,8,10
"13323110 - LETRAS - LIBRAS (LIC) - D 
(Campina Grande)",CANCELADO REPROVOU TODAS POR FALTAS,0,1,0,3,0,4
,CANCELAMENTO P/ SOLICITACAO ALUNO,0,0,0,1,0,0
,Total:,0,1,0,4,0,4
"13310115 - LETRAS - LÍNG.PORT./LÍNG.FRANC.(LIC)-D 
(Campina Grande)",CANCELADO 3 REPROV MESMA DISCIPLINA,0,0,1,0,0,0
,CANCELADO NOVO INGRESSO MESMO CURSO,1,0,2,0,0,0
,CANCELADO NOVO INGRESSO OUTRO CURSO,0,0,1,0,0,1
,CANCELADO REPROVOU TODAS POR FALTAS,1,2,1,2,0,2
,CANCELAMENTO P/ MUDANCA CURSO,0,0,0,0,0,1
,CANCELAMENTO P/ SOLICITACAO ALUNO,2,3,2,2,3,0
,CANCELAMENTO POR ABANDONO,2,2,0,2,1,1
,,2017.1,2017.2,2018.1,2018.2,2019.1,2019.2
"13310115 - LETRAS - LÍNG.PORT./LÍNG.FRANC.(LIC)-D 
(Campina Grande)",GRADUADO,6,0,0,2,2,0
,Total:,12,7,7,8,6,5
"13310113 - LETRAS - LÍNGUA E LIT. INGLESA - D 
(Campina Grande)",CANCELADO REPROVOU TODAS POR FALTAS,1,0,0,0,0,0
,Total:,1,0,0,0,0,0
"13310211 - LETRAS - LÍNGUA E LIT. PORTUGUESA - N 
(Campina Grande)",CANCELAMENTO DE MATRICULA ,1,0,0,0,0,0
,GRADUADO,2,1,0,0,0,0
,Total:,3,1,0,0,0,0
"13310116 - LETRAS - LÍNGUA INGLESA (LIC) - D 
(Campina Grande)",CANCELADO 3 REPROV MESMA DISCIPLINA,0,0,0,1,0,0
,CANCELADO NOVO INGRESSO OUTRO CURSO,1,1,0,1,0,0
,CANCELADO REPROVOU TODAS POR FALTAS,2,4,3,7,3,1
,CANCELAMENTO DE MATRICULA ,0,0,0,0,1,1
,CANCELAMENTO P/ SOLICITACAO ALUNO,1,1,6,1,4,0
,CANCELAMENTO POR ABANDONO,1,1,0,1,2,5
,GRADUADO,2,2,7,4,2,1
,Total:,7,9,16,15,12,8
"21310116 - LETRAS - LÍNGUA INGLESA (LIC) - D 
(Cajazeiras)",CANCELADO 3 REPROV MESMA DISCIPLINA,0,0,0,0,0,1
,CANCELADO NOVO INGRESSO OUTRO CURSO,0,1,1,0,0,0
,CANCELADO REPROVOU TODAS POR FALTAS,0,2,0,2,0,1
,CANCELAMENTO DE MATRICULA ,0,0,0,0,1,0
,CANCELAMENTO P/ SOLICITACAO ALUNO,2,0,3,0,3,0
,CANCELAMENTO POR ABANDONO,3,3,1,4,2,3
,GRADUADO,16,2,3,7,5,6
,Total:,21,8,8,13,11,11
"21310110 - LETRAS - LÍNGUA PORTUGUESA (LIC) - M 
(Cajazeiras)",CANCELADO NOVO INGRESSO OUTRO CURSO,0,1,0,1,0,0
,CANCELADO REPROVOU TODAS POR FALTAS,0,2,0,1,0,0
,CANCELAMENTO P/ MUDANCA CURSO,0,0,0,1,0,0
,,2017.1,2017.2,2018.1,2018.2,2019.1,2019.2
"21310110 - LETRAS - LÍNGUA PORTUGUESA (LIC) - M 
(Cajazeiras)",CANCELAMENTO P/ SOLICITACAO ALUNO,3,2,3,0,2,0
,CANCELAMENTO POR ABANDONO,4,3,1,2,0,3
,GRADUADO,8,9,3,13,5,6
,Total:,15,17,7,18,7,9
"13310210 - LETRAS - LÍNGUA PORTUGUESA (LIC) - N 
(Campina Grande)",CANCELADO 3 REPROV MESMA DISCIPLINA,1,0,0,1,0,0
,CANCELADO NOVO INGRESSO MESMO CURSO,0,0,0,3,0,0
,CANCELADO NOVO INGRESSO OUTRO CURSO,0,0,1,0,1,0
,CANCELADO REPROVOU TODAS POR FALTAS,10,0,7,3,2,1
,CANCELAMENTO P/ MUDANCA CURSO,0,0,0,0,0,4
,CANCELAMENTO P/ SOLICITACAO ALUNO,1,4,1,0,1,0
,CANCELAMENTO POR ABANDONO,2,1,4,0,1,2
,GRADUADO,6,5,3,4,6,9
,Total:,20,10,16,11,11,16
"21310210 - LETRAS - LÍNGUA PORTUGUESA (LIC) - N 
(Cajazeiras)",CANCELADO 3 REPROV MESMA DISCIPLINA,0,0,0,0,1,0
,CANCELADO REPROVOU TODAS POR FALTAS,2,4,0,1,0,0
,CANCELAMENTO P/ SOLICITACAO ALUNO,0,2,1,4,2,1
,CANCELAMENTO POR ABANDONO,5,1,3,0,8,1
,GRADUADO,13,7,8,5,14,13
,Total:,20,14,12,10,25,15
"13310110 - LETRAS- LÍNGUA PORTUGUESA (LIC) - D 
(Campina Grande)",CANCELADO 3 REPROV MESMA DISCIPLINA,0,0,0,0,1,1
,CANCELADO NOVO INGRESSO MESMO CURSO,0,0,0,0,1,0
,CANCELADO NOVO INGRESSO OUTRO CURSO,0,0,0,4,0,0
,CANCELADO REPROVOU TODAS POR FALTAS,1,5,1,8,2,1
,CANCELAMENTO DE MATRICULA ,0,0,0,0,1,0
,CANCELAMENTO P/ MUDANCA CURSO,0,0,0,0,1,1
,CANCELAMENTO P/ SOLICITACAO ALUNO,2,3,1,1,6,0
,,2017.1,2017.2,2018.1,2018.2,2019.1,2019.2
"13310110 - LETRAS- LÍNGUA PORTUGUESA (LIC) - D 
(Campina Grande)",CANCELAMENTO POR ABANDONO,1,4,1,0,0,2
,GRADUADO,9,4,10,2,7,2
,Total:,13,16,13,15,19,7
"13345110 - LICENCIATURA INTERCULTURAL INDÍGENA - D 
(Campina Grande)",GRADUADO,0,0,0,0,29,0
,Total:,0,0,0,0,29,0
"11107150 - MATEMÁTICA (BAC) - D 
(Campina Grande)",CANCELADO 3 REPROV MESMA DISCIPLINA,1,0,1,0,1,0
,CANCELADO NOVO INGRESSO MESMO CURSO,1,0,0,0,0,0
,CANCELADO NOVO INGRESSO OUTRO CURSO,0,0,2,0,0,1
,CANCELADO REPROVOU TODAS POR FALTAS,0,0,0,1,0,0
,CANCELAMENTO P/ MUDANCA CURSO,0,0,0,0,0,1
,CANCELAMENTO P/ SOLICITACAO ALUNO,3,0,3,0,3,1
,CANCELAMENTO POR ABANDONO,2,2,3,1,1,1
,GRADUADO,0,1,2,0,0,1
,Total:,7,3,11,2,5,5
"11107110 - MATEMÁTICA (LIC) - D 
(Campina Grande)",CANCELADO 3 REPROV MESMA DISCIPLINA,2,2,4,1,1,1
,CANCELADO NOVO INGRESSO MESMO CURSO,1,0,1,0,1,0
,CANCELADO NOVO INGRESSO OUTRO CURSO,1,2,1,1,1,0
,CANCELADO REPROVOU TODAS POR FALTAS,0,2,0,3,0,3
,CANCELAMENTO P/ MUDANCA CURSO,0,0,1,0,1,0
,CANCELAMENTO P/ SOLICITACAO ALUNO,4,4,4,1,1,4
,CANCELAMENTO POR ABANDONO,0,4,1,4,0,1
,GRADUADO,4,1,8,0,2,4
,Total:,12,15,20,10,7,13
"21107110 - MATEMÁTICA (LIC) - D 
(Cajazeiras)",CANCELADO 3 REPROV MESMA DISCIPLINA,1,0,2,0,2,0
,CANCELADO NOVO INGRESSO MESMO CURSO,3,0,4,0,2,0
,CANCELADO NOVO INGRESSO OUTRO CURSO,0,1,0,0,1,1
,,2017.1,2017.2,2018.1,2018.2,2019.1,2019.2
"21107110 - MATEMÁTICA (LIC) - D 
(Cajazeiras)",CANCELADO REPROVOU TODAS POR FALTAS,3,1,2,1,2,6
,CANCELAMENTO DE MATRICULA ,0,0,0,0,2,0
,CANCELAMENTO P/ SOLICITACAO ALUNO,0,0,6,3,6,3
,CANCELAMENTO POR ABANDONO,0,3,2,6,5,2
,GRADUADO,3,13,7,14,5,18
,Total:,10,18,23,24,25,30
"51107110 - MATEMÁTICA (LIC) - D 
(Cuité)",CANCELADO 3 REPROV MESMA DISCIPLINA,0,1,1,0,0,0
,CANCELADO NOVO INGRESSO MESMO CURSO,1,0,5,0,3,0
,CANCELADO NOVO INGRESSO OUTRO CURSO,2,0,1,1,1,0
,CANCELADO REPROVOU TODAS POR FALTAS,2,5,3,2,1,2
,CANCELAMENTO P/ MUDANCA CURSO,1,0,0,0,1,0
,CANCELAMENTO P/ SOLICITACAO ALUNO,2,0,0,0,1,0
,CANCELAMENTO POR ABANDONO,0,0,2,4,1,0
,GRADUADO,0,5,5,6,4,4
,Total:,8,11,17,13,12,6
"19107110 - MATEMÁTICA (LIC) - D (PARFOR) 
(Campina Grande)",CANCELADO REPROVOU TODAS POR FALTAS,1,0,0,0,0,0
,Total:,1,0,0,0,0,0
"11107210 - MATEMÁTICA (LIC) - N 
(Campina Grande)",CANCELADO 3 REPROV MESMA DISCIPLINA,1,1,0,0,0,2
,CANCELADO NOVO INGRESSO MESMO CURSO,3,0,5,0,2,0
,CANCELADO NOVO INGRESSO OUTRO CURSO,0,0,1,1,0,0
,CANCELADO REPROVOU TODAS POR FALTAS,6,3,2,2,4,4
,CANCELAMENTO P/ SOLICITACAO ALUNO,1,0,3,2,10,2
,CANCELAMENTO POR ABANDONO,1,6,1,5,2,2
,GRADUADO,4,4,1,1,8,3
,Total:,16,14,13,11,26,13
,,2017.1,2017.2,2018.1,2018.2,2019.1,2019.2
"51107210 - MATEMÁTICA (LIC) - N 
(Cuité)",CANCELADO 3 REPROV MESMA DISCIPLINA,1,1,0,1,0,0
,CANCELADO NOVO INGRESSO MESMO CURSO,5,0,4,0,4,0
,CANCELADO NOVO INGRESSO OUTRO CURSO,3,1,3,0,5,1
,CANCELADO REPROVOU TODAS POR FALTAS,1,2,3,5,4,2
,CANCELAMENTO P/ MUDANCA CURSO,0,0,1,0,0,2
,CANCELAMENTO P/ SOLICITACAO ALUNO,2,2,0,0,2,0
,CANCELAMENTO POR ABANDONO,2,8,5,2,3,0
,CONCLUIDO - NAO COLOU GRAU,0,0,0,0,0,1
,GRADUADO,1,2,1,1,0,2
,Total:,15,16,17,9,18,8
"12205100 - MEDICINA 
(Campina Grande)",CANCELADO 3 REPROV MESMA DISCIPLINA,0,0,0,0,1,1
,CANCELADO NOVO INGRESSO OUTRO CURSO,0,0,1,0,0,0
,CANCELADO REPROVOU TODAS POR FALTAS,1,1,2,0,0,1
,CANCELAMENTO P/ SOLICITACAO ALUNO,3,3,3,2,3,3
,CANCELAMENTO POR ABANDONO,3,1,1,1,3,1
,GRADUADO,39,1,38,29,34,30
,GRADUADO - DECISAO JUDICIAL,0,21,0,0,4,1
,Total:,46,27,45,32,45,37
"21205100 - MEDICINA 
(Cajazeiras)",CANCELADO NOVO INGRESSO OUTRO CURSO,0,2,0,5,0,3
,CANCELADO REPROVOU TODAS POR FALTAS,2,0,2,1,1,2
,CANCELAMENTO P/ SOLICITACAO ALUNO,2,1,3,0,8,2
,CANCELAMENTO POR ABANDONO,0,0,0,2,4,0
,GRADUADO,0,12,0,10,2,18
,Total:,4,15,5,18,15,25
"41410100 - MEDICINA VETERINÁRIA - D 
(Patos)",CANCELADO 3 REPROV MESMA DISCIPLINA,4,2,2,1,1,4
,CANCELADO NOVO INGRESSO MESMO CURSO,5,5,9,3,0,0
,,2017.1,2017.2,2018.1,2018.2,2019.1,2019.2
"41410100 - MEDICINA VETERINÁRIA - D 
(Patos)",CANCELADO NOVO INGRESSO OUTRO CURSO,0,0,1,0,0,0
,CANCELADO REPROVOU TODAS POR FALTAS,3,1,5,3,1,0
,CANCELAMENTO DE MATRICULA ,0,0,0,0,0,1
,CANCELAMENTO P/ SOLICITACAO ALUNO,1,4,5,1,1,2
,CANCELAMENTO POR ABANDONO,4,0,9,5,1,11
,GRADUADO,27,56,21,36,27,39
,Total:,44,68,52,49,31,57
"15108100 - METEOROLOGIA - D 
(Campina Grande)",CANCELADO 3 REPROV MESMA DISCIPLINA,2,1,1,5,3,2
,CANCELADO NOVO INGRESSO MESMO CURSO,8,0,6,0,7,0
,CANCELADO NOVO INGRESSO OUTRO CURSO,0,1,0,1,0,2
,CANCELADO REPROVOU TODAS POR FALTAS,3,5,4,9,4,5
,CANCELAMENTO P/ SOLICITACAO ALUNO,6,3,11,0,11,4
,CANCELAMENTO POR ABANDONO,3,3,2,3,0,3
,GRADUADO,5,0,2,1,1,4
,Total:,27,13,26,19,26,20
"13311150 - MÚSICA (BAC) - D 
(Campina Grande)",CANCELADO 3 REPROV MESMA DISCIPLINA,0,1,0,0,0,0
,CANCELADO REPROVOU TODAS POR FALTAS,0,1,0,0,0,0
,CANCELAMENTO POR ABANDONO,0,1,0,1,1,1
,GRADUADO,6,0,1,4,2,1
,Total:,6,3,1,5,3,2
"13311110 - MÚSICA (LIC) - D 
(Campina Grande)",CANCELADO 3 REPROV MESMA DISCIPLINA,0,2,1,1,0,0
,CANCELADO NOVO INGRESSO MESMO CURSO,0,0,0,2,0,2
,CANCELADO NOVO INGRESSO OUTRO CURSO,0,0,0,5,0,1
,CANCELADO REPROVOU TODAS POR FALTAS,3,1,2,3,2,1
,CANCELAMENTO DE MATRICULA ,0,1,0,0,0,0
,CANCELAMENTO P/ MUDANCA CURSO,0,0,0,0,0,1
,,2017.1,2017.2,2018.1,2018.2,2019.1,2019.2
"13311110 - MÚSICA (LIC) - D 
(Campina Grande)",CANCELAMENTO P/ SOLICITACAO ALUNO,0,2,0,0,1,0
,CANCELAMENTO POR ABANDONO,1,3,2,0,1,1
,GRADUADO,9,5,2,4,3,1
,Total:,13,14,7,15,7,7
"51206100 - NUTRIÇÃO - D 
(Cuité)",CANCELADO 3 REPROV MESMA DISCIPLINA,1,0,0,0,2,0
,CANCELADO NOVO INGRESSO MESMO CURSO,4,3,4,1,2,0
,CANCELADO NOVO INGRESSO OUTRO CURSO,0,2,0,1,1,1
,CANCELADO REPROVOU TODAS POR FALTAS,4,1,1,3,4,5
,CANCELAMENTO DE MATRICULA ,0,0,1,0,1,0
,CANCELAMENTO P/ SOLICITACAO ALUNO,2,0,3,3,3,1
,CANCELAMENTO POR ABANDONO,2,7,7,7,4,5
,GRADUADO,12,24,27,15,22,33
,Total:,25,37,43,30,39,45
"51206200 - NUTRIÇÃO - N 
(Cuité)",CANCELADO 3 REPROV MESMA DISCIPLINA,1,0,0,0,0,0
,CANCELAMENTO POR ABANDONO,0,2,0,0,0,0
,GRADUADO,1,1,0,1,1,0
,Total:,2,3,0,1,1,0
"41207100 - ODONTOLOGIA - D 
(Patos)",CANCELADO 3 REPROV MESMA DISCIPLINA,3,0,1,0,0,0
,CANCELADO REPROVOU TODAS POR FALTAS,5,1,1,2,4,2
,CANCELAMENTO P/ SOLICITACAO ALUNO,1,3,3,0,8,5
,CANCELAMENTO POR ABANDONO,15,4,9,3,3,7
,GRADUADO,28,35,28,36,44,28
,Total:,52,43,42,41,59,42
"13312110 - PEDAGOGIA (LIC) - M 
(Campina Grande)",CANCELADO NOVO INGRESSO MESMO CURSO,0,0,2,0,0,0
,CANCELADO NOVO INGRESSO OUTRO CURSO,0,1,0,1,0,1
,CANCELADO REPROVOU TODAS POR FALTAS,0,5,3,8,1,5
,,2017.1,2017.2,2018.1,2018.2,2019.1,2019.2
"13312110 - PEDAGOGIA (LIC) - M 
(Campina Grande)",CANCELAMENTO DE MATRICULA ,0,1,0,1,1,0
,CANCELAMENTO P/ SOLICITACAO ALUNO,1,0,2,0,10,0
,CANCELAMENTO POR ABANDONO,0,1,1,5,1,1
,GRADUADO,2,17,17,10,1,16
,Total:,3,25,25,25,14,23
"13312210 - PEDAGOGIA (LIC) - N 
(Campina Grande)",CANCELADO 3 REPROV MESMA DISCIPLINA,1,0,0,0,0,0
,CANCELADO NOVO INGRESSO MESMO CURSO,0,1,0,0,0,1
,CANCELADO NOVO INGRESSO OUTRO CURSO,0,0,2,0,0,0
,CANCELADO REPROVOU TODAS POR FALTAS,4,4,1,3,5,2
,CANCELAMENTO P/ MUDANCA CURSO,2,0,3,0,0,1
,CANCELAMENTO P/ SOLICITACAO ALUNO,0,0,0,0,0,1
,CANCELAMENTO POR ABANDONO,4,2,2,1,4,0
,GRADUADO,3,3,9,1,7,4
,Total:,14,10,17,5,16,9
"21312110 - PEDAGOGIA (LICENCIATURA) - M 
(Cajazeiras)",CANCELADO NOVO INGRESSO OUTRO CURSO,1,1,1,0,0,1
,CANCELADO REPROVOU TODAS POR FALTAS,2,1,2,4,0,0
,CANCELAMENTO P/ SOLICITACAO ALUNO,1,2,0,0,3,1
,CANCELAMENTO POR ABANDONO,0,1,3,4,2,7
,GRADUADO,33,7,34,3,14,6
,Total:,37,12,40,11,19,15
"21312210 - PEDAGOGIA (LICENCIATURA) - N 
(Cajazeiras)",CANCELADO NOVO INGRESSO OUTRO CURSO,2,1,1,0,0,0
,CANCELADO REPROVOU TODAS POR FALTAS,2,3,0,2,4,1
,CANCELAMENTO DE MATRICULA ,1,0,0,0,0,0
,CANCELAMENTO P/ SOLICITACAO ALUNO,0,0,0,0,1,0
,CANCELAMENTO POR ABANDONO,11,0,4,2,3,4
,,2017.1,2017.2,2018.1,2018.2,2019.1,2019.2
"21312210 - PEDAGOGIA (LICENCIATURA) - N 
(Cajazeiras)",GRADUADO,27,10,13,6,16,5
,Total:,43,14,18,10,24,10
"12208100 - PSICOLOGIA - D 
(Campina Grande)",CANCELADO NOVO INGRESSO MESMO CURSO,0,0,0,0,0,1
,CANCELADO NOVO INGRESSO OUTRO CURSO,0,0,0,2,0,0
,CANCELADO REPROVOU TODAS POR FALTAS,4,4,4,0,3,2
,CANCELAMENTO P/ SOLICITACAO ALUNO,4,3,10,0,3,2
,CANCELAMENTO POR ABANDONO,4,3,4,3,5,5
,Total:,12,10,18,5,11,10
"12208200 - PSICOLOGIA - N 
(Campina Grande)",CANCELADO 3 REPROV MESMA DISCIPLINA,0,0,2,0,0,0
,CANCELADO REPROVOU TODAS POR FALTAS,6,3,2,2,1,2
,CANCELAMENTO P/ SOLICITACAO ALUNO,0,1,1,1,1,0
,CANCELAMENTO POR ABANDONO,2,2,2,2,0,2
,GRADUADO,25,20,18,29,28,23
,Total:,33,26,25,34,30,27
"51109110 - QUÍMICA (LIC) - D 
(Cuité)",CANCELADO 3 REPROV MESMA DISCIPLINA,1,1,3,2,1,1
,CANCELADO NOVO INGRESSO MESMO CURSO,7,0,8,0,1,0
,CANCELADO NOVO INGRESSO OUTRO CURSO,1,2,4,2,2,1
,CANCELADO REPROVOU TODAS POR FALTAS,0,5,2,1,2,0
,CANCELAMENTO DE MATRICULA ,0,0,2,0,0,0
,CANCELAMENTO P/ MUDANCA CURSO,0,0,0,0,0,1
,CANCELAMENTO P/ SOLICITACAO ALUNO,1,2,3,1,3,2
,CANCELAMENTO POR ABANDONO,2,2,5,6,1,2
,GRADUADO,7,7,3,3,7,5
,Total:,19,19,30,15,17,12
"21109210 - QUÍMICA (LIC) - N 
(Cajazeiras)",CANCELADO 3 REPROV MESMA DISCIPLINA,2,2,0,0,1,0
,CANCELADO NOVO INGRESSO MESMO CURSO,4,0,3,0,0,0
,,2017.1,2017.2,2018.1,2018.2,2019.1,2019.2
"21109210 - QUÍMICA (LIC) - N 
(Cajazeiras)",CANCELADO NOVO INGRESSO OUTRO CURSO,0,1,0,0,1,0
,CANCELADO REPROVOU TODAS POR FALTAS,2,2,0,3,2,9
,CANCELAMENTO P/ SOLICITACAO ALUNO,3,4,1,0,1,1
,CANCELAMENTO POR ABANDONO,2,11,5,3,3,2
,GRADUADO,5,12,5,12,5,10
,Total:,18,32,14,18,13,22
"51109210 - QUÍMICA (LIC) - N 
(Cuité)",CANCELADO 3 REPROV MESMA DISCIPLINA,2,1,2,0,1,1
,CANCELADO NOVO INGRESSO MESMO CURSO,11,0,5,0,4,0
,CANCELADO NOVO INGRESSO OUTRO CURSO,1,1,2,1,2,0
,CANCELADO REPROVOU TODAS POR FALTAS,1,4,1,0,3,3
,CANCELAMENTO DE MATRICULA ,1,0,0,0,0,0
,CANCELAMENTO P/ MUDANCA CURSO,0,0,1,0,0,2
,CANCELAMENTO P/ SOLICITACAO ALUNO,0,1,2,0,1,0
,CANCELAMENTO POR ABANDONO,2,4,7,3,2,3
,GRADUADO,2,2,2,3,3,3
,Total:,20,13,22,7,16,12
"19109210 - QUÍMICA (LIC) - N (PARFOR) 
(Cajazeiras)",CANCELAMENTO POR ABANDONO,0,0,0,0,1,0
,GRADUADO,0,0,0,4,0,0
,Total:,0,0,0,4,1,0
"31340100 - SERVIÇO SOCIAL - M 
(Sousa)",CANCELADO 3 REPROV MESMA DISCIPLINA,0,0,1,0,0,0
,CANCELADO NOVO INGRESSO OUTRO CURSO,0,0,1,0,0,0
,CANCELADO REPROVOU TODAS POR FALTAS,2,1,1,6,1,6
,CANCELAMENTO P/ MUDANCA CURSO,0,0,5,2,12,7
,CANCELAMENTO P/ SOLICITACAO ALUNO,1,1,5,2,3,2
,CANCELAMENTO POR ABANDONO,7,5,2,2,5,4
,,2017.1,2017.2,2018.1,2018.2,2019.1,2019.2
"31340100 - SERVIÇO SOCIAL - M 
(Sousa)",GRADUADO,10,22,16,9,11,14
,Total:,20,29,31,21,32,33
"71420100 - TECNOLOGIA EM AGROECOLOGIA - D 
(Sumé)",CANCELADO NOVO INGRESSO MESMO CURSO,1,0,4,0,0,0
,CANCELADO NOVO INGRESSO OUTRO CURSO,1,1,0,0,0,0
,CANCELADO REPROVOU TODAS POR FALTAS,5,1,1,4,2,4
,CANCELAMENTO DE MATRICULA ,3,1,3,0,2,0
,CANCELAMENTO P/ MUDANCA CURSO,0,0,1,0,3,1
,CANCELAMENTO P/ SOLICITACAO ALUNO,0,0,0,0,0,2
,CANCELAMENTO POR ABANDONO,1,9,2,8,5,6
,GRADUADO,18,12,5,8,1,7
,Total:,29,24,16,20,13,20
"71318200 - TECNOLOGIA EM GESTÃO PÚBLICA - N 
(Sumé)",CANCELADO 3 REPROV MESMA DISCIPLINA,1,1,0,0,0,2
,CANCELADO NOVO INGRESSO MESMO CURSO,2,0,3,0,0,0
,CANCELADO NOVO INGRESSO OUTRO CURSO,0,0,0,0,1,0
,CANCELADO REPROVOU TODAS POR FALTAS,7,1,3,5,2,8
,CANCELAMENTO DE MATRICULA ,7,0,2,0,0,1
,CANCELAMENTO P/ SOLICITACAO ALUNO,0,0,0,0,2,0
,CANCELAMENTO POR ABANDONO,5,17,6,7,1,5
,GRADUADO,7,21,11,9,17,20
,Total:,29,40,25,21,23,36
